creationDate|Person.id|EmailAddress.id
2011-02-28T08:13:29.086Z|13194139533342|Joakim13194139533342@yahoo.com;Joakim13194139533342@hotmail.com;Joakim13194139533342@gmail.com;Joakim13194139533342@yahoo.com
2011-07-26T21:41:34.142Z|19791209299968|John19791209299968@gmail.com;John19791209299968@gmail.com;John19791209299968@gmail.com;John19791209299968@gmail.com
2012-03-30T10:11:12.788Z|28587302322180|Bryn28587302322180@yahoo.com;Bryn28587302322180@gmx.com;Bryn28587302322180@yahoo.com
2012-04-08T11:47:54.301Z|28587302322204|Hans28587302322204@pookmail.com;Hans28587302322204@hotmail.ru;Hans28587302322204@gmail.com;Hans28587302322204@gmail.com;Hans28587302322204@gmail.com
2010-10-28T05:49:29.470Z|8796093022237|Lei8796093022237@gmail.com;Lei8796093022237@zoho.com;Lei8796093022237@gmx.com;Lei8796093022237@gmail.com;Lei8796093022237@gmail.com
2011-12-29T07:56:39.032Z|24189255811081|Alim24189255811081@gmail.com;Alim24189255811081@gmail.com
2012-07-03T00:55:16.938Z|30786325577731|Aleksandr30786325577731@gmail.com;Aleksandr30786325577731@zoho.com;Aleksandr30786325577731@gmx.com
2011-08-04T04:47:58.173Z|19791209299987|Jimmy19791209299987@giza.cc;Jimmy19791209299987@gmail.com;Jimmy19791209299987@gmail.com;Jimmy19791209299987@gmail.com
2011-06-24T17:11:54.199Z|17592186044443|Wojciech17592186044443@gmail.com;Wojciech17592186044443@yahoo.com;Wojciech17592186044443@gmx.com;Wojciech17592186044443@gmail.com
2011-01-09T19:16:37.913Z|13194139533355|Rahul13194139533355@gmail.com;Rahul13194139533355@gmail.com;Rahul13194139533355@yahoo.com
2011-05-11T19:46:47.595Z|17592186044461|Ali17592186044461@zoho.com;Ali17592186044461@gmail.com;Ali17592186044461@jizan.cc;Ali17592186044461@yahoo.com;Ali17592186044461@gmail.com
2012-08-09T21:35:41.016Z|32985348833329|Ashok32985348833329@gmail.com;Ashok32985348833329@gmx.com;Ashok32985348833329@yahoo.com;Ashok32985348833329@hotmail.com
2012-03-17T14:21:07.120Z|28587302322223|Tissa28587302322223@yahoo.com;Tissa28587302322223@gmail.com;Tissa28587302322223@zoho.com
2012-02-03T03:26:31.722Z|26388279066655|Otto26388279066655@yahoo.com;Otto26388279066655@yahoo.com
2010-03-24T18:14:04.882Z|2199023255557|Eric2199023255557@gmail.com;Eric2199023255557@gmx.com;Eric2199023255557@yahoo.com;Eric2199023255557@gmx.com
2010-03-21T12:25:42.685Z|2199023255594|Ali2199023255594@gmail.com;Ali2199023255594@yahoo.com;Ali2199023255594@yahoo.com
2010-12-24T05:25:34.086Z|10995116277782|Ken10995116277782@zoho.com;Ken10995116277782@gmail.com;Ken10995116277782@gmail.com;Ken10995116277782@hotmail.com;Ken10995116277782@gmail.com
2010-01-03T15:10:31.499Z|14|Hossein14@gmail.com
2010-02-12T22:05:24.513Z|32|Miguel32@gmail.com;Miguel32@gmail.com;Miguel32@gmail.com;Miguel32@yahoo.com
2010-09-28T17:46:50.451Z|8796093022244|John8796093022244@gmx.com;John8796093022244@gmx.com;John8796093022244@gmail.com;John8796093022244@chemist.com
2011-10-06T01:23:31.981Z|21990232555526|Baby21990232555526@gmx.com;Baby21990232555526@yahoo.com;Baby21990232555526@gmail.com;Baby21990232555526@gmail.com;Baby21990232555526@yahoo.com
2012-02-26T23:41:53.145Z|26388279066668|Alexei26388279066668@zoho.com;Alexei26388279066668@gmail.com;Alexei26388279066668@gmx.com
